{
    "systemName": "<set in mta.yaml>",
    "communicationArrangement": {
        "communicationArrangementName": "CPAPP_COM_0008",
        "scenarioId": "SAP_COM_0008",
        "inboundAuthentication": "BasicAuthentication",
        "outboundAuthentication": "BasicAuthentication",
        "outboundServices": [
            {
                "name": "Replicate Customers from S/4 System to Client",
                "isServiceActive": false
            },
            {
                "name": "Replicate Suppliers from S/4 System to Client",
                "isServiceActive": false
            },
            {
                "name": "Replicate Company Addresses from S/4 System to Client",
                "isServiceActive": false
            },
            {
                "name": "Replicate Workplace Addresses from S/4 System to Client",
                "isServiceActive": false
            },
            {
                "name": "Replicate Personal Addresses from S/4 System to Client",
                "isServiceActive": false
            },
            {
                "name": "Business Partner - Replicate from SAP S/4HANA Cloud to Client",
                "isServiceActive": false
            },
            {
                "name": "Business Partner Relationship - Replicate from SAP S/4HANA Cloud to Client",
                "isServiceActive": false
            },
            {
                "name": "Business Partner - Send Confirmation from SAP S/4HANA Cloud to Client",
                "isServiceActive": false
            },
            {
                "name": "BP Relationship - Send Confirmation from SAP S/4HANA Cloud to Client",
                "isServiceActive": false
            }
        ],
        "communicationSystem": {
            "communicationSystemHostname": "default.com",
            "outboundCommunicationUser": {
                "username": "DefaultUser",
                "password": "DefaultPassword"
            }
        }
    }
}